---,HeroID,DisplayName,Nickname,Rank,StarType,Vitality,Strength,Dexterity,Intelligence,Morale,PrimaryAptitude,SecondaryAptitude,DefaultLoyalty,HeroTrait,DefaultEquipment,Fame,PortraitPath,Biography
SongJiang,SongJiang,宋江,呼保義,1,天魁星,60,50,45,88,95,Scholar,Merchant,100,Inspire,Book_NineHeaven,450,/Game/UI/Portraits/Portrait_SongJiang.jpg,鄆城縣押司，為人仗義疏財，江湖人稱「及時雨」，梁山泊首領。
LuJunyi,LuJunyi,盧俊義,玉麒麟,2,天罡星,95,98,90,75,90,Warrior,Hunter,95,None,None,450,/Game/UI/Portraits/Portrait_LuJunyi.jpg,北京大名府富豪，武藝高強，棍棒天下無雙，梁山泊第二把交椅。
WuYong,WuYong,吳用,智多星,3,天機星,50,40,40,98,85,Scholar,None,90,None,None,450,/Game/UI/Portraits/Portrait_LinChong.jpg,鄆城縣鄉村塾師，足智多謀，神機妙算，梁山軍師。
GongsunSheng,GongsunSheng,公孫勝,入雲龍,4,天閒星,70,60,65,95,85,Taoist,None,90,Sorcery,None,450,/Game/UI/Portraits/Portrait_LinChong.jpg,薊州九宮縣人，羅真人親傳弟子，精通呼風喚雨法術。
GuanSheng,GuanSheng,關勝,大刀,5,天勇星,90,95,85,75,85,Warrior,Blacksmith,90,None,Item_GuanBlade,450,/Game/UI/Portraits/Portrait_LinChong.jpg,漢末名將關羽後裔，使青龍偃月刀，有萬夫不當之勇。
LinChong,LinChong,林沖,豹子頭,6,天雄星,92,96,90,70,85,Warrior,Hunter,90,None,Item_SnakeSpear,450,/Game/UI/Portraits/Portrait_LinChong.jpg,東京八十萬禁軍教頭，使丈八蛇矛，武藝絕倫，歷經磨難上梁山。
QinMing,QinMing,秦明,霹靂火,7,天猛星,88,94,75,45,85,Warrior,None,85,None,None,450,/Game/UI/Portraits/Portrait_LinChong.jpg,青州指揮司統制，性格如烈火，手使一條狼牙棒，勇猛無比。
HuyanZhuo,HuyanZhuo,呼延灼,雙鞭,8,天威星,90,92,85,70,85,Warrior,None,90,None,Item_TwinWhips,450,/Game/UI/Portraits/Portrait_LinChong.jpg,開國名將呼延贊之後，使兩條水磨八棱鋼鞭，精通連環馬戰法。
HuaRong,HuaRong,花榮,小李廣,9,天英星,85,88,98,75,85,Hunter,Warrior,95,Deadeye,None,450,/Game/UI/Portraits/Portrait_LinChong.jpg,清風寨知寨，百步穿楊，箭法天下第一，宋江生死之交。
ChaiJin,ChaiJin,柴進,小旋風,10,天貴星,70,65,65,75,90,Merchant,Scholar,90,Inspire,Book_DanShu,450,/Game/UI/Portraits/Portrait_LinChong.jpg,後周世宗柴榮子孫，家有丹書鐵券，仗義疏財，廣納四方豪傑。
LiYing,LiYing,李應,撲天雕,11,天富星,80,82,85,70,80,Merchant,Warrior,85,None,None,250,/Game/UI/Portraits/Portrait_LinChong.jpg,獨龍岡李家莊莊主，使渾鐵點鋼槍，背藏五柄飛刀，掌管梁山錢糧。
ZhuTong,ZhuTong,朱仝,美髯公,12,天滿星,85,86,80,70,85,Warrior,Scholar,90,None,None,250,/Game/UI/Portraits/Portrait_LinChong.jpg,鄆城縣馬兵都頭，面如重棗，長鬚過腹，重情重義。
LuZhishen,LuZhishen,魯智深,花和尚,13,天孤星,96,97,75,60,95,Warrior,Farmer,95,IronWall,Item_ZenStaff,250,/Game/UI/Portraits/Portrait_LuZhishen.jpg,渭州經略府提轄，拳打鎮關西，倒拔垂楊柳，使六十二斤水磨禪杖。
WuSong,WuSong,武松,行者,14,天傷星,94,96,88,60,95,Warrior,Hunter,95,IronWall,Item_TwinBlades,250,/Game/UI/Portraits/Portrait_WuSong.jpg,清河縣人，景陽岡赤手空拳打死猛虎，血濺鴛鴦樓，使雪花鑌鐵戒刀。
DongPing,DongPing,董平,雙槍將,15,天立星,86,92,90,65,80,Warrior,None,85,None,None,250,/Game/UI/Portraits/Portrait_LinChong.jpg,東平府兵馬都監，風流倜儻，使兩條短槍，出神入化。
ZhangQing,ZhangQing,張清,沒羽箭,16,天捷星,82,85,95,75,80,Hunter,Warrior,85,HiddenMissile,None,250,/Game/UI/Portraits/Portrait_LinChong.jpg,東昌府兵馬都監，善使飛石打人，百發百中，號稱沒羽箭。
YangZhi,YangZhi,楊志,青面獸,17,天暗星,88,90,85,65,85,Warrior,None,90,None,None,250,/Game/UI/Portraits/Portrait_YangZhi.jpg,楊令公之孫，客籍關西，武藝超群，曾押送生辰綱與花石綱。
XuNing,XuNing,徐寧,金槍手,18,天佑星,85,88,85,65,85,Warrior,Blacksmith,90,None,Item_HookSpear,250,/Game/UI/Portraits/Portrait_LinChong.jpg,東京禁軍金槍班教師，祖傳鉤鐮槍法天下獨步，破呼延灼連環馬。
SuoChao,SuoChao,索超,急先鋒,19,天空星,86,90,75,45,85,Warrior,None,85,None,None,250,/Game/UI/Portraits/Portrait_LinChong.jpg,大名府留守司正牌軍，作戰性急勇猛，手使一把金蘸斧。
DaiZong,DaiZong,戴宗,神行太保,20,天速星,70,60,98,65,85,Taoist,None,95,DivineSpeed,Charm_DivineSpeed,250,/Game/UI/Portraits/Portrait_LinChong.jpg,江州兩院押牢節級，身懷神行法，日行八百里，負責梁山情報傳遞。
LiuTang,LiuTang,劉唐,赤髮鬼,21,天異星,85,88,85,50,90,Warrior,None,90,None,None,250,/Game/UI/Portraits/Portrait_LinChong.jpg,東潞州人，紫黑闊臉，鬢邊硃砂紅記，生辰綱七星聚義之一。
LiKui,LiKui,李逵,黑旋風,22,天殺星,95,96,65,30,95,Warrior,Hunter,100,None,None,250,/Game/UI/Portraits/Portrait_LinChong.jpg,沂州沂水縣人，步戰無敵，使兩把板斧，性格暴烈但對宋江極度忠誠。
ShiJin,ShiJin,史進,九紋龍,23,天微星,86,88,88,60,85,Warrior,Hunter,90,None,None,250,/Game/UI/Portraits/Portrait_LinChong.jpg,華陰縣史家莊少莊主，身刺九條青龍，師從王進，武藝精熟。
MuHong,MuHong,穆弘,沒遮攔,24,天究星,82,85,80,60,80,Warrior,Merchant,90,None,None,250,/Game/UI/Portraits/Portrait_LinChong.jpg,江州揭陽鎮富戶，性情剛烈，武藝高強，揭陽三霸之一。
LeiHeng,LeiHeng,雷橫,插翅虎,25,天退星,82,84,85,55,80,Warrior,Blacksmith,85,None,None,250,/Game/UI/Portraits/Portrait_LinChong.jpg,鄆城縣步兵都頭，身手矯捷，能跳二三丈闊澗，使朴刀。
LiJun,LiJun,李俊,混江龍,26,天壽星,86,84,85,78,90,Boatman,Warrior,90,AquaticMastery,None,250,/Game/UI/Portraits/Portrait_LiJun.jpg,揚子江艄公，水性極佳，智勇雙全，梁山水軍大都督。
RuanXiaoer,RuanXiaoer,阮小二,立地太歲,27,天劍星,85,86,80,65,88,Boatman,Fisherman,90,AquaticMastery,None,250,/Game/UI/Portraits/Portrait_LinChong.jpg,石碣村漁民，阮氏三雄之首，敢作敢當，水性過人。
ZhangHeng,ZhangHeng,張橫,船火兒,28,天平星,82,84,82,60,85,Boatman,Merchant,85,AquaticMastery,None,250,/Game/UI/Portraits/Portrait_LinChong.jpg,潯陽江艄公，揭陽三霸之一，水底工夫了得。
RuanXiaowu,RuanXiaowu,阮小五,短命二郎,29,天罪星,84,85,82,60,88,Boatman,Fisherman,90,AquaticMastery,None,250,/Game/UI/Portraits/Portrait_LinChong.jpg,石碣村漁民，阮氏三雄老二，胸前刺青豹，膽氣過人。
ZhangShun,ZhangShun,張順,浪裏白條,30,天損星,84,80,95,70,90,Boatman,Fisherman,95,AquaticMastery,None,250,/Game/UI/Portraits/Portrait_LinChong.jpg,潯陽江漁牙主人，身白如銀，水底可潛七天七夜，水戰無雙。
RuanXiaoqi,RuanXiaoqi,阮小七,活閻羅,31,天敗星,85,86,85,60,90,Boatman,Fisherman,90,AquaticMastery,None,250,/Game/UI/Portraits/Portrait_LinChong.jpg,石碣村漁民，阮氏三雄老么，性情直爽，殺人不眨眼。
YangXiong,YangXiong,楊雄,病關索,32,天牢星,85,86,80,60,80,Warrior,None,85,None,None,250,/Game/UI/Portraits/Portrait_LinChong.jpg,薊州兩院押獄兼行刑劊子，面色微黃，使一口好槍棒。
ShiXiu,ShiXiu,石秀,拚命三郎,33,天慧星,86,88,88,75,95,Warrior,Merchant,95,None,None,250,/Game/UI/Portraits/Portrait_LinChong.jpg,金陵人氏，賣柴為生，為人好打不平，臨危不懼，敢作敢拚。
XieZhen,XieZhen,解珍,兩頭蛇,34,天暴星,80,82,88,60,85,Hunter,Warrior,85,None,None,250,/Game/UI/Portraits/Portrait_LinChong.jpg,登州第一獵戶，善使渾鐵點鋼叉，翻山越嶺如履平地。
XieBao,XieBao,解寶,雙尾蠍,35,天哭星,80,82,88,60,85,Hunter,Warrior,85,None,None,250,/Game/UI/Portraits/Portrait_LinChong.jpg,解珍之弟，登州獵戶，性格暴烈，善使鋼叉、短刀。
YanQing,YanQing,燕青,浪子,36,天巧星,78,80,98,88,90,Hunter,Entertainer,95,Deadeye,None,250,/Game/UI/Portraits/Portrait_LinChong.jpg,大名府盧俊義家僕，吹拉彈唱相撲百藝皆通，弩箭百發百中。
ZhuWu,ZhuWu,朱武,神機軍師,37,地魁星,60,50,55,92,80,Scholar,None,85,None,None,100,/Game/UI/Portraits/Portrait_LinChong.jpg,定遠人氏，精通陣法兵書，足智多謀，少華山首領。
HuangXin,HuangXin,黃信,鎮三山,38,地煞星,80,82,75,60,80,Warrior,None,80,None,None,100,/Game/UI/Portraits/Portrait_LinChong.jpg,青州府兵馬都監，秦明徒弟，手使喪門劍，號鎮三山。
SunLi,SunLi,孫立,病尉遲,39,地勇星,85,88,85,70,85,Warrior,None,85,None,None,100,/Game/UI/Portraits/Portrait_LinChong.jpg,登州兵馬提轄，使一條竹節鋼鞭，弓馬嫻熟，策劃破祝家莊。
XuanZan,XuanZan,宣贊,醜郡馬,40,地傑星,80,82,75,65,80,Warrior,None,80,None,None,100,/Game/UI/Portraits/Portrait_LinChong.jpg,衙門防禦使，面如鍋底，鼻孔朝天，武藝過人。
HaoSiwen,HaoSiwen,郝思文,井木犴,41,地雄星,80,82,80,65,80,Warrior,None,80,None,None,100,/Game/UI/Portraits/Portrait_LinChong.jpg,關勝結義兄弟，精通十八般武藝。
HanTao,HanTao,韓滔,百勝將,42,地威星,78,80,75,60,80,Warrior,None,80,None,None,100,/Game/UI/Portraits/Portrait_LinChong.jpg,陳州團練使，使一口棗木槊，弓馬純熟。
PengQi,PengQi,彭玘,天目將,43,地英星,78,80,75,60,80,Warrior,None,80,None,None,100,/Game/UI/Portraits/Portrait_LinChong.jpg,潁州團練使，使三尖兩刃刀，呼延灼副將。
ShanTinggui,ShanTinggui,單廷珪,聖水將,44,地奇星,80,82,80,70,80,Warrior,Taoist,80,None,None,100,/Game/UI/Portraits/Portrait_LinChong.jpg,凌州團練使，善用水攻戰法。
WeiDingguo,WeiDingguo,魏定國,神火將,45,地猛星,80,82,80,70,80,Warrior,Taoist,80,None,None,100,/Game/UI/Portraits/Portrait_LinChong.jpg,凌州團練使，精通火攻火器戰法。
XiaoRang,XiaoRang,蕭讓,聖手書生,46,地文星,50,40,60,85,75,Scholar,Artisan,85,None,None,100,/Game/UI/Portraits/Portrait_LinChong.jpg,濟州文人，精通各家書法，善仿名家筆跡。
PeiXuan,PeiXuan,裴宣,鐵面孔目,47,地正星,65,60,60,80,90,Scholar,None,90,None,None,100,/Game/UI/Portraits/Portrait_LinChong.jpg,京兆府六案孔目，執法嚴明，鐵面無私，梁山軍政司。
OuPeng,OuPeng,歐鵬,摩雲金翅,48,地闊星,78,80,82,60,80,Warrior,None,80,None,None,100,/Game/UI/Portraits/Portrait_LinChong.jpg,黃州人，軍班出身，身手敏捷，行走如飛。
DengFei,DengFei,鄧飛,火眼狻猊,49,地闔星,78,80,78,55,80,Warrior,None,80,None,None,100,/Game/UI/Portraits/Portrait_LinChong.jpg,襄陽人，雙眼赤紅，使一口鐵鏈夾棒。
YanShun,YanShun,燕順,錦毛虎,50,地強星,78,80,75,50,80,Warrior,None,80,None,None,100,/Game/UI/Portraits/Portrait_LinChong.jpg,清風山首領，使一口朴刀。
YangLin,YangLin,楊林,錦豹子,51,地暗星,78,80,82,65,80,Hunter,Warrior,85,None,None,100,/Game/UI/Portraits/Portrait_LinChong.jpg,彰德府人，江湖遊俠，機警過人。
LingZhen,LingZhen,凌振,轟天雷,52,地軸星,70,65,75,85,80,Artisan,Warrior,85,None,Item_ThunderCannon,100,/Game/UI/Portraits/Portrait_LinChong.jpg,東京甲仗庫副使，宋朝第一火炮專家。
JiangJing,JiangJing,蔣敬,神算子,53,地會星,55,45,55,88,80,Merchant,Scholar,90,None,None,100,/Game/UI/Portraits/Portrait_LinChong.jpg,潭州落第秀才，精通算術帳目，掌梁山庫藏收支。
LuFang,LuFang,呂方,小溫侯,54,地佐星,80,84,82,60,80,Warrior,None,85,None,Item_Halberd,100,/Game/UI/Portraits/Portrait_LinChong.jpg,對影山首領，學呂布使方天畫戟。
GuoSheng,GuoSheng,郭盛,賽仁貴,55,地佑星,80,84,82,60,80,Warrior,None,85,None,Item_Halberd,100,/Game/UI/Portraits/Portrait_LinChong.jpg,嘉陵人氏，學薛仁貴使方天畫戟。
AnDaoquan,AnDaoquan,安道全,神醫,56,地靈星,55,40,70,90,85,Doctor,Scholar,90,DivinePhysician,Medicine_GoldenSalve,100,/Game/UI/Portraits/Portrait_LinChong.jpg,建康府名醫，醫術通神，起死回生，梁山隨軍首席醫師。
HuangfuDuan,HuangfuDuan,皇甫端,紫髯伯,57,地獸星,60,50,65,80,80,Doctor,None,85,BeastTamer,None,100,/Game/UI/Portraits/Portrait_LinChong.jpg,東昌府名獸醫，善相馬治馬，梁山掌管戰馬醫療。
WangYing,WangYing,王英,矮腳虎,58,地微星,75,78,80,45,75,Warrior,None,80,None,None,100,/Game/UI/Portraits/Portrait_LinChong.jpg,清風山頭領，身材矮小好色，使滾刀。
HuSanniang,HuSanniang,扈三娘,一丈青,59,地慧星,82,85,90,70,85,Warrior,Hunter,85,None,Item_TwinBroadswords,100,/Game/UI/Portraits/Portrait_LinChong.jpg,獨龍岡扈家莊女將，雙刀嫻熟，套索百發百中。
BaoXu,BaoXu,鮑旭,喪門神,60,地暴星,84,86,70,40,85,Warrior,None,80,None,None,100,/Game/UI/Portraits/Portrait_LinChong.jpg,枯樹山頭領，嗜殺成性，使一口闊劍。
FanRui,FanRui,樊瑞,混世魔王,61,地默星,75,72,75,88,85,Taoist,Warrior,85,Sorcery,None,100,/Game/UI/Portraits/Portrait_LinChong.jpg,芒碭山首領，善使流星錘與法術。
KongLiang,KongLiang,孔亮,獨火星,62,地猖星,72,75,70,50,75,Warrior,Farmer,80,None,None,100,/Game/UI/Portraits/Portrait_LinChong.jpg,白虎山頭領，宋江之徒。
KongMing,KongMing,孔明,毛頭星,63,地狂星,72,75,70,50,75,Warrior,Farmer,80,None,None,100,/Game/UI/Portraits/Portrait_LinChong.jpg,孔亮之兄，白虎山頭領。
XiangChong,XiangChong,項充,八臂哪吒,64,地飛星,78,80,82,50,80,Warrior,None,80,None,None,100,/Game/UI/Portraits/Portrait_LinChong.jpg,芒碭山頭領，使團牌飛刀二十四把。
LiGun,LiGun,李袞,飛天大聖,65,地走星,78,80,82,50,80,Warrior,None,80,None,None,100,/Game/UI/Portraits/Portrait_LinChong.jpg,芒碭山頭領，使團牌飛標槍二十四枝。
JinDajian,JinDajian,金大堅,玉臂匠,66,地巧星,55,45,75,80,80,Artisan,None,85,MasterCraft,None,100,/Game/UI/Portraits/Portrait_LinChong.jpg,濟州雕刻名匠，精通刻印制符。
MaLin,MaLin,馬麟,鐵笛仙,67,地明星,75,76,80,65,80,Entertainer,Warrior,80,None,None,100,/Game/UI/Portraits/Portrait_LinChong.jpg,黃門山頭領，吹得一口好鐵笛，雙刀純熟。
TongWei,TongWei,童威,出洞蛟,68,地進星,78,78,82,60,80,Boatman,Fisherman,85,AquaticMastery,None,100,/Game/UI/Portraits/Portrait_LinChong.jpg,潯陽江艄公，李俊結義兄弟。
TongMeng,TongMeng,童猛,翻江蜃,69,地退星,78,78,82,60,80,Boatman,Fisherman,85,AquaticMastery,None,100,/Game/UI/Portraits/Portrait_LinChong.jpg,童威之弟，水性極精。
MengKang,MengKang,孟康,玉幡竿,70,地滿星,70,65,70,70,80,Artisan,Boatman,85,MasterCraft,None,100,/Game/UI/Portraits/Portrait_LinChong.jpg,真定府名匠，精通造大船，梁山造船總管。
HouJian,HouJian,侯健,通臂猿,71,地遂星,55,45,85,65,80,Artisan,None,80,None,None,100,/Game/UI/Portraits/Portrait_LinChong.jpg,裁縫出身，身手敏捷，掌管梁山旗幟衣甲製作。
ChenDa,ChenDa,陳達,跳澗虎,72,地周星,78,80,75,50,80,Warrior,None,80,None,None,100,/Game/UI/Portraits/Portrait_LinChong.jpg,少華山頭領，使一條丈八點鋼槍。
YangChun,YangChun,楊春,白花蛇,73,地隱星,76,78,78,55,80,Warrior,None,80,None,None,100,/Game/UI/Portraits/Portrait_LinChong.jpg,少華山頭領，使口大桿刀。
ZhengTianshou,ZhengTianshou,鄭天壽,白面郎君,74,地異星,72,74,75,60,75,Warrior,Artisan,80,None,None,100,/Game/UI/Portraits/Portrait_LinChong.jpg,銀匠出身，清風山頭領。
TaoZongwang,TaoZongwang,陶宗旺,九尾龜,75,地理星,82,80,70,55,85,Farmer,Artisan,85,MasterCraft,None,100,/Game/UI/Portraits/Portrait_LinChong.jpg,莊稼漢出身，力大無窮，使鐵鍬，梁山修築工程總管。
SongQing,SongQing,宋清,鐵扇子,76,地俊星,60,50,55,70,80,Merchant,None,95,None,None,100,/Game/UI/Portraits/Portrait_LinChong.jpg,宋江之弟，掌管梁山宴席款待事宜。
LeHe,LeHe,樂和,鐵叫子,77,地樂星,65,55,80,80,85,Entertainer,Scholar,90,Inspire,None,100,/Game/UI/Portraits/Portrait_LinChong.jpg,登州牢子，聰慧善樂，能歌善舞。
GongWang,GongWang,龔旺,花項虎,78,地捷星,76,78,80,50,75,Warrior,None,80,None,None,100,/Game/UI/Portraits/Portrait_LinChong.jpg,東昌府副將，身刺虎斑，使飛槍。
DingDeSun,DingDeSun,丁得孫,中箭虎,79,地速星,76,78,80,50,75,Warrior,None,80,None,None,100,/Game/UI/Portraits/Portrait_LinChong.jpg,東昌府副將，使飛叉。
MuChun,MuChun,穆春,小遮攔,80,地鎮星,74,76,72,55,75,Warrior,Merchant,80,None,None,100,/Game/UI/Portraits/Portrait_LinChong.jpg,穆弘之弟，揭陽鎮豪強。
CaoZheng,CaoZheng,曹正,操刀鬼,81,地嵇星,75,76,70,60,80,Merchant,Warrior,85,None,None,100,/Game/UI/Portraits/Portrait_LinChong.jpg,東京屠戶，林沖之徒，二龍山好漢。
SongWan,SongWan,宋萬,摸著天,82,地魔星,76,75,65,45,75,Warrior,None,85,None,None,100,/Game/UI/Portraits/Portrait_LinChong.jpg,梁山泊開山元老之一，身材極高。
DuQian,DuQian,杜遷,摸著天,83,地妖星,76,75,65,45,75,Warrior,None,85,None,None,100,/Game/UI/Portraits/Portrait_LinChong.jpg,梁山泊開山元老之一。
XueYong,XueYong,薛永,病大蟲,84,地幽星,78,80,78,55,80,Warrior,Doctor,80,None,None,100,/Game/UI/Portraits/Portrait_LinChong.jpg,河南洛陽人，賣藥使棒出身。
ShiEn,ShiEn,施恩,金眼彪,85,地伏星,74,76,75,65,80,Merchant,Warrior,85,None,None,100,/Game/UI/Portraits/Portrait_LinChong.jpg,孟州牢城管營之子，快活林酒肉莊主。
LiZhong,LiZhong,李忠,打虎將,86,地僻星,72,74,70,50,75,Warrior,Doctor,75,None,None,100,/Game/UI/Portraits/Portrait_LinChong.jpg,江湖使棒賣藥人，桃花山首領。
ZhouTong,ZhouTong,周通,小霸王,87,地空星,74,75,70,45,75,Warrior,None,75,None,None,100,/Game/UI/Portraits/Portrait_LinChong.jpg,桃花山二頭領，使走水綠沉槍。
TangLong,TangLong,湯隆,金錢豹子,88,地孤星,78,80,72,60,85,Blacksmith,Warrior,85,MasterCraft,None,100,/Game/UI/Portraits/Portrait_LinChong.jpg,延安府鐵匠，打造軍器無雙，梁山軍器造作總管。
DuXing,DuXing,杜興,鬼臉兒,89,地全星,72,74,75,68,80,Merchant,None,85,None,None,100,/Game/UI/Portraits/Portrait_LinChong.jpg,中山府人，李家莊管家。
ZouYuan,ZouYuan,鄒淵,出林龍,90,地短星,75,78,75,50,75,Warrior,None,80,None,None,100,/Game/UI/Portraits/Portrait_LinChong.jpg,登雲山首領。
ZouRun,ZouRun,鄒潤,獨角龍,91,地角星,75,78,72,50,75,Warrior,None,80,None,None,100,/Game/UI/Portraits/Portrait_LinChong.jpg,鄒淵之侄，頭生肉瘤，曾撞折松樹。
ZhuGui,ZhuGui,朱貴,旱地忽律,92,地囚星,65,55,65,78,85,Merchant,None,90,None,None,100,/Game/UI/Portraits/Portrait_LinChong.jpg,沂州人，梁山南山酒店探聽情報頭領。
ZhuFu,ZhuFu,朱富,笑面虎,93,地藏星,65,55,65,75,85,Merchant,None,90,None,None,100,/Game/UI/Portraits/Portrait_LinChong.jpg,朱貴之弟，沂水縣開酒店，精於釀酒管帳。
CaiFu,CaiFu,蔡福,鐵臂膊,94,地平星,75,78,70,60,80,Warrior,None,80,None,None,100,/Game/UI/Portraits/Portrait_LinChong.jpg,大名府兩院押獄兼行刑劊子。
CaiQing,CaiQing,蔡慶,一枝花,95,地損星,72,74,70,60,80,Warrior,None,80,None,None,100,/Game/UI/Portraits/Portrait_LinChong.jpg,蔡福之弟，鬢邊常插一朵花。
LiLi,LiLi,李立,催命判官,96,地奴星,74,76,70,50,75,Merchant,None,80,None,None,100,/Game/UI/Portraits/Portrait_LinChong.jpg,揭陽嶺開黑店酒店。
LiYun,LiYun,李雲,青眼虎,97,地察星,80,82,75,65,80,Warrior,Artisan,85,None,None,100,/Game/UI/Portraits/Portrait_LinChong.jpg,沂水縣都頭，武藝過人，掌管梁山營造房屋。
JiaoTing,JiaoTing,焦挺,沒面目,98,地惡星,82,84,65,45,80,Warrior,None,85,None,None,100,/Game/UI/Portraits/Portrait_LinChong.jpg,中山府人，祖傳相撲絕技，曾摔倒李逵。
ShiYong,ShiYong,石勇,石將軍,99,地醜星,75,76,70,50,75,Warrior,None,80,None,None,100,/Game/UI/Portraits/Portrait_LinChong.jpg,大名府賭徒出身，使短棒。
SunXin,SunXin,孫新,小尉遲,100,地數星,76,78,75,65,80,Warrior,Merchant,85,None,None,100,/Game/UI/Portraits/Portrait_LinChong.jpg,孫立之弟，登州開店，使幾路好鞭槍。
GuDasao,GuDasao,顧大嫂,母大蟲,101,地陰星,78,80,75,60,85,Warrior,Merchant,85,None,None,100,/Game/UI/Portraits/Portrait_LinChong.jpg,孫新之妻，登州東門外開酒店，性格悍勇。
ZhangQing_Gardener,ZhangQing_Gardener,張青,菜園子,102,地刑星,74,76,70,55,80,Farmer,Merchant,85,None,None,100,/Game/UI/Portraits/Portrait_LinChong.jpg,孟州十字坡開酒店，種菜好手。
SunErniang,SunErniang,孫二娘,母夜叉,103,地壯星,76,78,78,60,85,Warrior,Merchant,85,None,None,100,/Game/UI/Portraits/Portrait_LinChong.jpg,張青之妻，十字坡開黑店，武藝高強。
WangDingliu,WangDingliu,王定六,活閃婆,104,地劣星,65,60,80,60,75,Boatman,Merchant,80,None,None,100,/Game/UI/Portraits/Portrait_LinChong.jpg,建康府江邊開酒店，身輕如燕。
YuBaoSi,YuBaoSi,郁保四,險道神,105,地健星,85,82,60,40,75,Warrior,None,80,None,None,100,/Game/UI/Portraits/Portrait_LinChong.jpg,青州強盜，身長一丈，梁山執掌帥旗巨漢。
BaiSheng,BaiSheng,白勝,白日鼠,106,地耗星,55,45,80,60,70,Merchant,None,75,None,None,100,/Game/UI/Portraits/Portrait_LinChong.jpg,黃泥岡智取生辰綱，扮賣酒漢。
ShiQian,ShiQian,時遷,鼓上蚤,107,地賊星,60,40,98,75,80,Hunter,Entertainer,85,None,None,100,/Game/UI/Portraits/Portrait_LinChong.jpg,高唐州飛賊，飛簷走壁天下無雙，盜雁翎金圈甲。
DuanJingzhu,DuanJingzhu,段景住,金毛犬,108,地狗星,65,60,75,60,75,Hunter,Merchant,80,DivineSpeed,Steed_JadeLion,100,/Game/UI/Portraits/Portrait_LinChong.jpg,涿州盜馬好手，赤髮黃鬚，曾盜照夜玉獅子馬獻宋江。
GaoQiu,GaoQiu,高俅,殿帥府太尉,109,FACTION_Court,55,40,85,82,70,Entertainer,Scholar,95.0,None,None,100,/Game/UI/Portraits/Portrait_LinChong.jpg,東京殿帥府太尉，蹴鞠起家，深得徽宗寵信。心胸狹隘，陰險狡詐，因私怨逼走王進、陷害林沖，是梁山泊好漢之死敵。
CaiJing,CaiJing,蔡京,太師當朝,110,FACTION_Court,45,25,60,95,65,Scholar,Merchant,90.0,None,None,100,/Game/UI/Portraits/Portrait_LinChong.jpg,北宋六賊之首，四度拜相，把持朝政，書法自成一家。大肆搜括民脂民膏，推行花石綱，致使天下動盪、民不聊生。
TongGuan,TongGuan,童貫,樞密使,111,FACTION_Court,65,60,65,72,60,Warrior,Scholar,85.0,None,None,100,/Game/UI/Portraits/Portrait_LinChong.jpg,掌管樞密院軍權之宦官，號稱「媼相」。曾統率十萬禁軍征討梁山泊，卻在水泊連遭慘敗，狼狽逃回東京。
YangJian,YangJian,楊戩,彰化軍節度使,112,FACTION_Court,50,30,50,80,60,Scholar,Merchant,80.0,None,None,100,/Game/UI/Portraits/Portrait_LinChong.jpg,四大奸臣之一，巧立「公田法」盤剝百姓土地與租稅，與蔡京、高俅相互勾結，禍國殃民。
LiangZhongshu,LiangZhongshu,梁中書,大名府留守司,113,FACTION_Court,58,45,55,75,65,Scholar,Merchant,85.0,None,None,100,/Game/UI/Portraits/Portrait_LinChong.jpg,蔡京女婿，官拜北京大名府留守司。每年搜刮十萬貫金珠「生辰綱」為岳丈祝壽，引發晁蓋等七星智取生辰綱。
GaoYanei,GaoYanei,高衙內,花花太歲,114,FACTION_Court,40,30,45,35,40,Entertainer,None,90.0,None,None,100,/Game/UI/Portraits/Portrait_LinChong.jpg,高俅之螟蛉義子，倚仗權勢在東京橫行霸道。於岳廟調戲林沖妻子，並設下毒計欲強佔之，迫使林沖家破人亡。
LuQian,LuQian,陸謙,陸虞候,115,FACTION_Court,65,65,72,78,60,Scholar,Warrior,70.0,None,None,100,/Game/UI/Portraits/Portrait_LinChong.jpg,東京虞候，原為林沖自幼好友。為攀附高俅父子賣友求榮，設白虎堂與火燒草料場之毒計，終在山神廟被林沖手刃。
FuAn,FuAn,富安,干辦,116,FACTION_Court,50,35,55,65,50,Merchant,None,70.0,None,None,100,/Game/UI/Portraits/Portrait_LinChong.jpg,高衙內手下清客幫閒，為虎作倀，多次策劃陷害林沖，終在草料場山神廟前伏誅。
WangJin,WangJin,王進,八十萬禁軍教頭,117,FACTION_Court,88,92,90,75,90,Warrior,Hunter,90.0,None,None,100,/Game/UI/Portraits/Portrait_LinChong.jpg,東京八十萬禁軍教頭，十八般武藝無一不精。因父曾棒打高俅而攜母逃避，指點九紋龍史進武藝，後投老種經略相公。
ZongZe,ZongZe,宗澤,宗老將軍,118,FACTION_Court,80,78,75,92,98,Scholar,Warrior,100.0,None,None,100,/Game/UI/Portraits/Portrait_LinChong.jpg,宋代抗金名臣與名將，剛直不阿，忠貫日月。臨終前連呼三聲「過河」，深具民族氣節與統帥才能。
ZhongShidao,ZhongShidao,種師道,老種經略相公,119,FACTION_Court,78,80,72,90,95,Warrior,Scholar,95.0,None,None,100,/Game/UI/Portraits/Portrait_LinChong.jpg,西北名將，名震西陲。愛惜人才，曾任魯達頂頭上司，鎮守延安府抗擊西夏與金兵。
SuYuanjing,SuYuanjing,宿元景,宿太尉,120,FACTION_Court,65,40,50,88,95,Scholar,None,95.0,None,None,100,/Game/UI/Portraits/Portrait_LinChong.jpg,朝中正派忠臣，官拜殿前太尉。同情梁山泊好漢之忠義，多次在徽宗面前力薦招安，並親自前往水泊宣讀御詔。
WenHuanzhang,WenHuanzhang,聞煥章,安民先生,121,FACTION_Court,60,40,55,96,85,Scholar,Taoist,88.0,None,None,100,/Game/UI/Portraits/Portrait_LinChong.jpg,東京著名隱士與經世大儒，深通孫吳兵法與經國大略。高俅征梁山時奉詔入幕為軍師，明察秋毫，多次洞悉梁山戰略。
WangHuan,WangHuan,王煥,河南河北節度使,122,FACTION_Court,84,88,85,72,85,Warrior,None,85.0,None,None,100,/Game/UI/Portraits/Portrait_LinChong.jpg,朝廷十節度使之首，使一條丈八點鋼槍，槍法精湛。隨高俅征討梁山，曾與八十萬禁軍教頭林沖大戰八十餘合不分勝負。
XuJing,XuJing,徐京,江夏零陵節度使,123,FACTION_Court,82,86,80,70,82,Warrior,None,85.0,None,None,100,/Game/UI/Portraits/Portrait_LinChong.jpg,十節度使之一，使一口開山大斧，弓馬嫻熟，武藝過人。
WangWende,WangWende,王文德,清溪雲中節度使,124,FACTION_Court,80,84,82,68,80,Warrior,None,85.0,None,None,100,/Game/UI/Portraits/Portrait_LinChong.jpg,十節度使之一，使一柄渾鐵點鋼槍，曾於陣前與美髯公朱仝大戰三十餘合。
MeiZhan,MeiZhan,梅展,潁州汝南節度使,125,FACTION_Court,82,85,80,68,80,Warrior,None,85.0,None,None,100,/Game/UI/Portraits/Portrait_LinChong.jpg,十節度使之一，善使三尖兩刃刀，驍勇善戰。
ZhangKai,ZhangKai,張開,中山節度使,126,FACTION_Court,82,85,92,70,80,Hunter,Warrior,80.0,None,None,100,/Game/UI/Portraits/Portrait_LinChong.jpg,十節度使之一，精熟弓馬，神箭無雙，曾於萬軍之中百步穿楊射退梁山追兵。
YangWen,YangWen,楊溫,東平路節度使,127,FACTION_Court,82,85,80,70,82,Warrior,None,85.0,None,None,100,/Game/UI/Portraits/Portrait_LinChong.jpg,十節度使之一，楊家將族裔，善使長槍，治軍嚴明。
HanCunbao,HanCunbao,韓存保,雲中雁門節度使,128,FACTION_Court,85,90,88,68,85,Warrior,Hunter,85.0,None,None,100,/Game/UI/Portraits/Portrait_LinChong.jpg,十節度使之一，太師韓忠彥姪兒。手使方天畫戟，武藝超凡，曾與雙鞭呼延灼於水中馬背惡鬥百餘回合，難解難分。
LiCongji,LiCongji,李從吉,隴西漢陽節度使,129,FACTION_Court,80,82,80,68,80,Warrior,None,85.0,None,None,100,/Game/UI/Portraits/Portrait_LinChong.jpg,十節度使之一，名將之後，使金蘸大斧，驍勇果決。
XiangYuanzhen,XiangYuanzhen,項元鎮,瑯琊彭城節度使,130,FACTION_Court,80,82,90,70,80,Hunter,Warrior,82.0,None,None,100,/Game/UI/Portraits/Portrait_LinChong.jpg,十節度使之一，神箭名將，曾箭射雙槍將董平左臂。
JingZhong,JingZhong,荊忠,密州琅琊節度使,131,FACTION_Court,78,80,75,62,75,Warrior,None,80.0,None,None,100,/Game/UI/Portraits/Portrait_LinChong.jpg,十節度使之一，使一柄方天畫戟，隨高俅出征梁山。
QiuYue,QiuYue,丘岳,左八都督,132,FACTION_Court,82,86,80,62,75,Warrior,None,80.0,None,None,100,/Game/UI/Portraits/Portrait_LinChong.jpg,東京殿帥府左八箇都監之一，使三尖兩刃刀，號稱禁軍頂尖名將。隨高俅征梁山，後中伏死於錦八爺張清飛石之下。
ZhouAng,ZhouAng,周昂,右八都督,133,FACTION_Court,84,88,82,65,80,Warrior,None,80.0,None,None,100,/Game/UI/Portraits/Portrait_LinChong.jpg,殿帥府右八箇都監之首，使車輪大斧，勇力過人。於高俅兵敗時奮勇斷後，力拒梁山諸將圍攻。
LiuMenglong,LiuMenglong,劉夢龍,水軍都統制,134,FACTION_Court,75,72,82,65,75,Boatman,Warrior,80.0,None,None,100,/Game/UI/Portraits/Portrait_LinChong.jpg,朝廷水軍都統制，統領戰船數百艘進剿梁山泊水寨，反被混江龍李俊等設伏全殲。
ZhaoJi,ZhaoJi,趙佶,宋徽宗,135,FACTION_Court,60,30,92,85,75,Entertainer,Scholar,100.0,None,None,100,/Game/UI/Portraits/Portrait_LinChong.jpg,大宋天子，文采風流，工書擅畫，創瘦金體。重用蔡京、高俅等奸相，終致靖康之禍。
ShiWengong,ShiWengong,史文恭,曾頭市都教師,136,FACTION_Zengtou,95,98,95,80,90,Warrior,Hunter,85.0,None,Item_Halberd,100,/Game/UI/Portraits/Portrait_LinChong.jpg,曾頭市教頭，弓馬騎射天下無雙，善使方天畫戟與毒箭。曾於夜戰中以藥箭射殺梁山第二代魁首晁蓋，二十合刺傷秦明。
SuDing,SuDing,蘇定,曾頭市副教師,137,FACTION_Zengtou,84,85,82,76,80,Warrior,Scholar,85.0,None,None,100,/Game/UI/Portraits/Portrait_LinChong.jpg,曾頭市副教頭，精通陣法兵略，與史文恭共同統理曾頭市防務與萬人莊兵。
ZengNong,ZengNong,曾弄,曾長官,138,FACTION_Zengtou,60,50,50,75,80,Merchant,Farmer,90.0,None,None,100,/Game/UI/Portraits/Portrait_LinChong.jpg,曾頭市莊主，大金女真族人，稱霸凌州，蓄兵數萬，建五虎寨與梁山泊公然抗衡。
ZengTu,ZengTu,曾塗,曾頭市大郎,139,FACTION_Zengtou,85,88,86,65,85,Warrior,None,90.0,None,None,100,/Game/UI/Portraits/Portrait_LinChong.jpg,曾家五虎之長，武藝為五虎之冠，善使點鋼槍，曾於陣前三十合壓制小溫侯呂方與賽仁貴郭盛聯手。
ZengMi,ZengMi,曾密,曾頭市二郎,140,FACTION_Zengtou,82,85,78,60,80,Warrior,None,88.0,None,None,100,/Game/UI/Portraits/Portrait_LinChong.jpg,曾家五虎次子，使一口大刀，守衛曾頭市西寨。
ZengSuo,ZengSuo,曾索,曾頭市三郎,141,FACTION_Zengtou,80,84,80,60,80,Warrior,None,88.0,None,None,100,/Game/UI/Portraits/Portrait_LinChong.jpg,曾家五虎三子，守衛曾頭市南寨。
ZengKui,ZengKui,曾魁,曾頭市四郎,142,FACTION_Zengtou,80,82,82,65,82,Warrior,None,88.0,None,None,100,/Game/UI/Portraits/Portrait_LinChong.jpg,曾家五虎四子，使一條點鋼槍，曾與豹子頭林沖副將交手。
ZengSheng,ZengSheng,曾昇,曾頭市五郎,143,FACTION_Zengtou,80,82,90,70,85,Warrior,Hunter,90.0,None,None,100,/Game/UI/Portraits/Portrait_LinChong.jpg,曾家幼子，年少勇悍，使兩口飛刀，神出鬼沒，曾箭射李逵奪回照夜玉獅子馬。
LuanTingyu,LuanTingyu,欒廷玉,鐵棒無敵,144,FACTION_ZhuManor,90,94,88,75,88,Warrior,Hunter,88.0,None,None,100,/Game/UI/Portraits/Portrait_LinChong.jpg,獨龍岡祝家莊教頭，病尉遲孫立之同門師兄。使一條沉鐵棍，有萬夫不當之勇，曾設伏生擒摩雲金翅歐鵬與火眼狻猊鄧飛。
ZhuChaofeng,ZhuChaofeng,祝朝奉,祝家莊莊主,145,FACTION_ZhuManor,62,45,48,72,80,Farmer,Merchant,90.0,None,None,100,/Game/UI/Portraits/Portrait_LinChong.jpg,獨龍岡祝家莊大莊主，築堅固盤陀路石寨，與扈家莊、李家莊立誓結盟，誓要踏平梁山泊。
ZhuLong,ZhuLong,祝龍,祝氏大郎,146,FACTION_ZhuManor,84,86,80,60,80,Warrior,None,88.0,None,None,100,/Game/UI/Portraits/Portrait_LinChong.jpg,祝氏三傑之首，善使長槍，武藝剛猛，曾與霹靂火秦明鏖戰三十餘合不落下風。
ZhuHu,ZhuHu,祝虎,祝氏二郎,147,FACTION_ZhuManor,82,84,80,60,80,Warrior,None,88.0,None,None,100,/Game/UI/Portraits/Portrait_LinChong.jpg,祝氏三傑次子，勇力過人，於祝家莊外力戰穆弘、李逵諸將。
ZhuBiao,ZhuBiao,祝彪,祝氏三郎,148,FACTION_ZhuManor,82,85,88,64,85,Hunter,Warrior,90.0,None,None,100,/Game/UI/Portraits/Portrait_LinChong.jpg,祝朝奉三子，扈三娘未婚夫，弓馬嫻熟，使一口點鋼槍，性格極其桀驁狂妄。
HuTaigong,HuTaigong,扈太公,扈家莊莊主,149,FACTION_ZhuManor,58,40,42,68,75,Farmer,Merchant,85.0,None,None,100,/Game/UI/Portraits/Portrait_LinChong.jpg,獨龍岡扈家莊老莊主，扈成與扈三娘之父。
HuCheng,HuCheng,扈成,飛天虎,150,FACTION_ZhuManor,78,80,82,68,75,Warrior,Merchant,75.0,None,None,100,/Game/UI/Portraits/Portrait_LinChong.jpg,獨龍岡扈家莊少莊主，扈三娘之兄。祝家莊破後隻身投奔延安府，後渡江投南宋抗金為將。
ChaoGai,ChaoGai,晁蓋,托塔天王,151,FACTION_ChaoGai,92,95,80,72,98,Warrior,Farmer,100.0,None,None,100,/Game/UI/Portraits/Portrait_LinChong.jpg,鄆城東溪村保正，武藝超群，勇奪青石塔震懾西溪村鬼怪。七星聚義智取生辰綱，上梁山推翻王倫成為二代寨主，攻曾頭市中箭捐軀。
WangLun,WangLun,王倫,白衣秀士,152,FACTION_Neutral,55,45,50,70,50,Scholar,Merchant,50.0,None,None,100,/Game/UI/Portraits/Portrait_LinChong.jpg,梁山泊開山寨主，落第秀才出身。心胸狹隘，妒賢嫉能，屢次排擠前來投奔的林沖與晁蓋等人，終被林沖火併處決。
LuoZhenren,LuoZhenren,羅真人,二仙山仙長,153,FACTION_Hermit,90,40,80,100,100,Taoist,Doctor,100.0,None,None,100,/Game/UI/Portraits/Portrait_LinChong.jpg,薊州二仙山紫虛觀得道神仙，公孫勝之師。通曉天機，精通五雷天罡正法，曾授公孫勝神行破法天書破高唐州法術。
ZhiZhen,ZhiZhen,智真長老,五台山方丈,154,FACTION_Hermit,85,50,60,98,100,Taoist,Scholar,100.0,None,None,100,/Game/UI/Portraits/Portrait_LinChong.jpg,五台山文殊院住持大和尚，得道高僧。早知魯智深乃上界星宿下凡，賜其名智深與四句偈言，指引其一生歸宿。
LiShishi,LiShishi,李師師,東京第一名伎,155,FACTION_Neutral,60,30,88,88,85,Entertainer,Scholar,80.0,None,None,100,/Game/UI/Portraits/Portrait_LinChong.jpg,汴京名動天下之絕代才女與藝伎，宋徽宗與燕青皆為其座上賓。色藝雙絕，深明大義，為梁山泊招安搭起通天之橋梁。
XiMenQing,XiMenQing,西門慶,陽谷生藥鋪東家,156,FACTION_Neutral,72,75,78,76,65,Merchant,Entertainer,60.0,None,None,100,/Game/UI/Portraits/Portrait_LinChong.jpg,清河縣破落戶，陽谷縣開生藥鋪暴發戶。為人奸詐好色，擅使拳棒，勾結潘金蓮毒殺武大郎，終在獅子樓被武松斬殺。
PanJinlian,PanJinlian,潘金蓮,三寸金蓮,157,FACTION_Neutral,58,35,82,70,60,Entertainer,Artisan,50.0,None,None,100,/Game/UI/Portraits/Portrait_LinChong.jpg,武大郎之妻，姿色過人。因不甘貧寒受王婆唆使偷情西門慶，並鳩殺親夫，最終伏誅於武松之手。
JiangMenshen,JiangMenshen,蔣門神,快活林霸王,158,FACTION_Neutral,88,92,70,45,75,Warrior,Merchant,65.0,None,None,100,/Game/UI/Portraits/Portrait_LinChong.jpg,本名蔣忠，生得九尺長軀，臂力千斤。倚仗張都監勢力強佔孟州快活林酒肉莊，被醉打快活林的武松以玉環步鴛鴦腳重創擊敗。
YanPoxi,YanPoxi,閻婆惜,閻惜嬌,159,FACTION_Neutral,55,30,80,68,55,Entertainer,None,50.0,None,None,100,/Game/UI/Portraits/Portrait_LinChong.jpg,東京歌女，宋江之妾。因與張文遠通姦並以晁蓋書信要挾宋江，終在鄆城烏龍院被宋江怒殺。
ZhengTu,ZhengTu,鄭屠,鎮關西,160,FACTION_Neutral,78,82,60,40,65,Merchant,Warrior,60.0,None,None,100,/Game/UI/Portraits/Portrait_LinChong.jpg,渭州肉鋪屠戶，強佔金翠蓮為妾。魯智深為伸張正義三拳將其打死，開展花和尚傳奇生涯。
NiuEr,NiuEr,牛二,沒毛大蟲,161,FACTION_Neutral,65,60,50,30,45,None,None,40.0,None,None,100,/Game/UI/Portraits/Portrait_LinChong.jpg,東京大潑皮無賴，於天漢州橋糾纏逼迫楊志寶刀殺人，終被青面獸楊志手刃。
TianHu,TianHu,田虎,晉王,162,FACTION_TianHu,82,85,75,68,85,Warrior,Merchant,90.0,None,None,100,/Game/UI/Portraits/Portrait_LinChong.jpg,四大寇之一，威勝州獵戶出身，力大勇猛。趁水旱民變聚眾割據河北五州五十六縣，自立為晉王，建宮殿設官分職。
QiaoDaoqing,QiaoDaoqing,喬道清,幻魔君,163,FACTION_TianHu,78,65,80,96,90,Taoist,Scholar,85.0,Sorcery,None,100,/Game/UI/Portraits/Portrait_LinChong.jpg,田虎國師兼護國靈感真人，精通三昧神水幻術，呼風喚雨、驅沙走石。曾連挫梁山數十名將，後歸順梁山並拜羅真人為師。
QiongYing,QiongYing,瓊英,瓊矢鏃,164,FACTION_TianHu,82,84,96,78,90,Hunter,Warrior,80.0,HiddenMissile,None,100,/Game/UI/Portraits/Portrait_LinChong.jpg,田虎郡主兼女將軍，仇申之女。於夢中得神人傳授飛石神技，百發百中。後與張清結為連理，做內應手刃鄔梨、生擒田虎為父母報仇。
SunAn,SunAn,孫安,殿前元帥,165,FACTION_TianHu,92,95,88,78,90,Warrior,None,85.0,None,None,100,/Game/UI/Portraits/Portrait_LinChong.jpg,田虎麾下頭號大將，身長九尺，手使兩口鑌鐵重劍，劍法神化。與大刀關勝大戰百餘合不分勝負，投降梁山後為征王慶立下不世奇功。
BianXiang,BianXiang,卞祥,右丞相兼太尉,166,FACTION_TianHu,92,96,85,75,90,Warrior,Scholar,88.0,None,None,100,/Game/UI/Portraits/Portrait_LinChong.jpg,田虎右丞相，河北名將，使一柄開山大斧。曾以一敵二獨鬥九紋龍史進與花項虎龔旺，三十餘合斬殺淮西名將酆泰。
ShanShiqi,ShanShiqi,山士奇,樞密使,167,FACTION_TianHu,88,92,84,68,85,Warrior,None,82.0,None,None,100,/Game/UI/Portraits/Portrait_LinChong.jpg,田虎手下虎將，沁源人氏，使一條四十斤重渾鐵棍。曾於陣前與豹子頭林沖大戰五十餘合不分勝敗。
MaLing,MaLing,馬靈,神捷將軍,168,FACTION_TianHu,80,75,95,88,85,Taoist,Hunter,80.0,DivineSpeed,None,100,/Game/UI/Portraits/Portrait_LinChong.jpg,涿州道士，號「聖水將軍」，額生第三隻神目。足踏風火輪日行千里，善使金磚神法，後被戴宗公孫勝破法生擒。
WuLi,WuLi,鄔梨,國舅威勝大將,169,FACTION_TianHu,86,88,78,65,80,Warrior,Farmer,90.0,None,None,100,/Game/UI/Portraits/Portrait_LinChong.jpg,田虎國舅，瓊英義父。身材魁梧，使一口潑風大刀，鎮守威勝要塞，後中瓊英與張清毒計身亡。
WangQing,WangQing,王慶,楚王,170,FACTION_WangQing,80,82,78,72,82,Warrior,Merchant,90.0,None,None,100,/Game/UI/Portraits/Portrait_LinChong.jpg,四大寇之一，東京副排軍出身，因與童貫義女私通獲罪發配。後聚眾起義割據淮南八州八十六縣，自稱楚王。
DuanSanniang,DuanSanniang,段三娘,淮西大娘,171,FACTION_WangQing,85,88,80,58,85,Warrior,Farmer,95.0,None,None,100,/Game/UI/Portraits/Portrait_LinChong.jpg,王慶之妻，淮西皇后。生得身材高大，面如夜叉，武藝過人，手使兩口短刀，性格剽悍暴烈。
DuXue,DuXue,杜壆,淮西大都督,172,FACTION_WangQing,96,99,94,80,95,Warrior,None,90.0,IronWall,Item_SnakeSpear,100,/Game/UI/Portraits/Portrait_LinChong.jpg,淮西軍第一猛將，使一條丈八蛇矛，神勇冠絕水滸。曾於陣前與玉麒麟盧俊義大戰五十餘合佔據上風，迫使孫安策馬夾攻方能破之。
LiZhu,LiZhu,李助,金劍先生,173,FACTION_WangQing,82,80,98,95,90,Taoist,Scholar,90.0,None,Item_GoldSword,100,/Game/UI/Portraits/Portrait_LinChong.jpg,王慶軍師兼丞相，得異人傳授神劍之術。使一柄金劍如電光飛舞，劍法通神，連盧俊義遇之亦難招架，終由公孫勝作五雷法所破。
YuanLang,YuanLang,袁朗,赤面虎,174,FACTION_WangQing,90,94,86,70,90,Warrior,None,85.0,None,None,100,/Game/UI/Portraits/Portrait_LinChong.jpg,淮西猛將，手使一對各重五十斤的水磨鋼撾。曾與豹子頭林沖及霹靂火秦明鏖戰百餘合不分高下。
MiSheng,MiSheng,縻胜,開山大將,175,FACTION_WangQing,90,95,82,55,88,Warrior,None,85.0,None,None,100,/Game/UI/Portraits/Portrait_LinChong.jpg,王慶帳下先鋒驍將，使一柄開山大斧，驍勇異常，曾陣斬梁山水軍猛將文仲容與崔埜。
TengKui,TengKui,滕戣,紀山雙雄兄,176,FACTION_WangQing,85,88,82,62,80,Warrior,None,85.0,None,None,100,/Game/UI/Portraits/Portrait_LinChong.jpg,紀山軍統制，使一柄重三尖兩刃刀，作戰勇冠三軍。
TengKan,TengKan,滕戡,紀山雙雄弟,177,FACTION_WangQing,86,90,84,62,82,Warrior,None,85.0,None,None,100,/Game/UI/Portraits/Portrait_LinChong.jpg,滕戣之弟，使一條虎頭竹節鋼鞭，曾與呼延灼於陣前對鞭五十餘合，棋逢敵手。
FangLa,FangLa,方臘,聖公,178,FACTION_FangLa,88,90,80,85,95,Warrior,Scholar,100.0,None,None,100,/Game/UI/Portraits/Portrait_LinChong.jpg,睦州歙縣漆園主，利用摩尼教起義，割據江南八州五十二縣，建國號「永樂」，自立為聖公，讓宋廷與梁山付出極慘烈代價。
FangTianding,FangTianding,方天定,南國太子,179,FACTION_FangLa,80,80,78,82,90,Scholar,Warrior,95.0,None,None,100,/Game/UI/Portraits/Portrait_LinChong.jpg,方臘之子，封南國太子，坐鎮杭州重鎮。麾下有南離大將軍石寶等四大元帥與二十四將，重創梁山征南大軍。
DengYuanjue,DengYuanjue,鄧元覺,寶光如來,180,FACTION_FangLa,96,98,82,72,95,Warrior,Taoist,95.0,None,None,100,/Game/UI/Portraits/Portrait_LinChong.jpg,方臘國師，法號寶光如來，使一條五十斤重渾鐵禪杖。曾於杭州城下與花和尚魯智深大戰五十餘合不分勝負，神力驚世。
ShiBao,ShiBao,石寶,南離大將軍,181,FACTION_FangLa,94,96,95,88,95,Warrior,Hunter,95.0,IronWall,Item_WindBlade,100,/Game/UI/Portraits/Portrait_LinChong.jpg,方臘麾下第一戰將，使一口劈風刀與流星錘。智勇兼備，在烏龍嶺與杭州連斬急先鋒索超、鄧飛、燕順、鮑旭、馬麟梁山五虎八驃大將。
LiTianrun,LiTianrun,厲天閏,鎮國大將軍,182,FACTION_FangLa,90,92,90,80,90,Warrior,None,90.0,None,None,100,/Game/UI/Portraits/Portrait_LinChong.jpg,鎮守獨松關大將，武藝絕倫。曾陣斬小霸王周通、沒羽箭張清，重創雙槍將董平，後與盧俊義大戰三十合力竭陣亡。
SiXingfang,SiXingfang,司行方,護國大將軍,183,FACTION_FangLa,88,93,85,75,90,Warrior,None,90.0,None,None,100,/Game/UI/Portraits/Portrait_LinChong.jpg,德清守將，方臘四大元帥之一。武勇過人，於宣州三十合斬殺梁山水泊步兵統領插翅虎雷橫。
PangWanchun,PangWanchun,龐萬春,小養由基,184,FACTION_FangLa,82,80,99,82,90,Hunter,Warrior,90.0,Deadeye,None,100,/Game/UI/Portraits/Portrait_LinChong.jpg,昱嶺關守將，水滸第一神射手。於關前連珠箭射殺九紋龍史進、拚命三郎石秀、陳達、楊春、李忠、薛永六員梁山好漢。
WangYin,WangYin,王寅,兵部尚書,185,FACTION_FangLa,92,94,92,90,92,Warrior,Scholar,95.0,None,None,100,/Game/UI/Portraits/Portrait_LinChong.jpg,方臘兵部尚書，歙縣名將，文武全才。坐騎「轉山飛」，使一條鋼槍與轉尺撾，連殺李雲、石勇，力抗孫立、黃信等四將毫無懼色。
BaoDaoyi,BaoDaoyi,包道乙,靈應天師,186,FACTION_FangLa,76,65,85,94,90,Taoist,None,90.0,Sorcery,None,100,/Game/UI/Portraits/Portrait_LinChong.jpg,金華山妖道，方臘國師。身懷「玄天上帝混元飛劍」，能於百步外取人首級，於烏龍嶺作法飛劍斬斷行者武松左臂。
ZhengBiao,ZhengBiao,鄭彪,鄭魔君,187,FACTION_FangLa,84,86,85,88,88,Taoist,Warrior,90.0,None,None,100,/Game/UI/Portraits/Portrait_LinChong.jpg,包道乙高徒，婺州都督。精通妖法與槍法，頭頂黑氣現神將，陣斬矮腳虎王英與一丈青扈三娘夫婦。
YeluYanxi,YeluYanxi,耶律延禧,遼天祚帝,188,FACTION_Liao,70,65,70,60,70,Hunter,Entertainer,95.0,None,None,100,/Game/UI/Portraits/Portrait_LinChong.jpg,大遼帝國末代皇帝，喜好遊獵。因契丹國政日非、金兵南下而面臨內外夾攻，曾調集傾國兵力迎戰宋朝與梁山軍。
WuYanguang,WuYanguang,兀顏光,大遼第一都統軍,189,FACTION_Liao,96,98,95,92,98,Warrior,Scholar,95.0,None,None,100,/Game/UI/Portraits/Portrait_LinChong.jpg,大遼軍中第一統軍太師，幽州第一勇士。熟讀兵書，精通「太乙混天象陣」，身披三重連環重鎧，手使鐵力槊與方天戟，勇冠三軍。
WuYanYanshou,WuYanYanshou,兀顏延壽,小統軍,190,FACTION_Liao,85,88,88,80,85,Warrior,Scholar,90.0,None,None,100,/Game/UI/Portraits/Portrait_LinChong.jpg,兀顏光之子，精熟陣法，勇武剛烈，掌管太乙混天象陣左翼，曾於陣前與九紋龍史進激戰。
HeZhongbao,HeZhongbao,賀重寶,薊州副統軍,191,FACTION_Liao,88,88,82,90,88,Taoist,Warrior,90.0,Sorcery,None,100,/Game/UI/Portraits/Portrait_LinChong.jpg,薊州守將兼大遼副都統軍，身長八尺，通曉妖法神兵，曾設三關陷阱誘伏梁山軍，逼得關勝等眾將苦戰。
DaLibo,DaLibo,答里孛,瓊妖納延之主·大遼郡主,192,FACTION_Liao,80,78,88,75,85,Warrior,Hunter,90.0,None,Item_TwinBroadswords,100,/Game/UI/Portraits/Portrait_LinChong.jpg,大遼幽王之女，太乙混天象陣太陰星女將。使一口繡鸞刀與梨花槍，統率女真契丹騎兵馳騁沙場。
ALiqi,ALiqi,阿里奇,遼國先鋒大將,193,FACTION_Liao,90,94,88,68,90,Warrior,None,90.0,None,None,100,/Game/UI/Portraits/Portrait_LinChong.jpg,大遼先鋒名將，身長九尺，梨花開山斧威震邊陲。三十合內打敗金槍手徐寧，後中張清飛石暗器落馬。
QiongYaoNayan,QiongYaoNayan,瓊妖納延,大遼先鋒元帥,194,FACTION_Liao,88,92,90,70,88,Warrior,Hunter,90.0,None,None,100,/Game/UI/Portraits/Portrait_LinChong.jpg,大遼年輕勇將，使一桿畫桿描金戟，二十合殺敗九紋龍史進，驍勇善戰。
KouZhenyuan,KouZhenyuan,寇鎮遠,大遼左丞相將軍,195,FACTION_Liao,84,86,92,72,85,Hunter,Warrior,88.0,None,None,100,/Game/UI/Portraits/Portrait_LinChong.jpg,大遼名將，神箭百步穿楊，曾於馬上回身箭射孫新，後被小李廣花榮箭術對決所射殺。
WanyanAguda,WanyanAguda,完顏阿骨打,金太祖,196,FACTION_Jin,96,98,90,92,100,Hunter,Warrior,100.0,None,None,100,/Game/UI/Portraits/Portrait_LinChong.jpg,金朝開國皇帝，女真族傳奇英雄。統一女真各部，創金國文字與猛安謀克制，以少勝多滅大遼、撼大宋，雄才大略。
WanyanZongbi,WanyanZongbi,完顏宗弼,金兀朮·四太子,197,FACTION_Jin,95,97,88,85,95,Warrior,Hunter,95.0,None,None,100,/Game/UI/Portraits/Portrait_LinChong.jpg,金太祖第四子，金國都元帥兼越國王。手使開山大斧與提盧槍，創立鐵浮屠與拐子馬精騎橫掃中原，為宋金戰場之頭號勁敵。
WanyanZongwang,WanyanZongwang,完顏宗望,二太子·斡離不,198,FACTION_Jin,90,90,86,92,92,Scholar,Warrior,95.0,None,None,100,/Game/UI/Portraits/Portrait_LinChong.jpg,金太祖次子，統帥東路金軍南下包圍東京汴梁，善於用兵與謀略，人稱菩薩太子。
WanyanZonghan,WanyanZonghan,完顏宗翰,國相·黏罕,199,FACTION_Jin,92,94,85,94,95,Warrior,Scholar,95.0,None,None,100,/Game/UI/Portraits/Portrait_LinChong.jpg,金國名將兼國相，率西路軍破太原、陷汴京，俘獲徽欽二帝，為金國定鼎中原第一功臣。
HaMichi,HaMichi,哈迷蚩,金國軍師,200,FACTION_Jin,65,45,60,94,80,Scholar,None,90.0,None,None,100,/Game/UI/Portraits/Portrait_LinChong.jpg,金兀朮隨軍首席軍師，深通中原地理與兵法，足智多謀，屢次為金國騎兵出謀劃策破城略地。
ShanShituo,ShanShituo,山獅駝,金國第一勇士,201,FACTION_Jin,98,100,82,55,95,Warrior,None,90.0,None,None,100,/Game/UI/Portraits/Portrait_LinChong.jpg,金國帳下力大無窮之無敵戰將，手使一柄一百二十斤重鎏金鏜，勇力蓋世，萬人難敵。
Temujin,Temujin,鐵木真,成吉思汗,202,FACTION_Mongol,98,96,95,98,100,Hunter,Warrior,100.0,None,None,100,/Game/UI/Portraits/Portrait_LinChong.jpg,大蒙古國開國可汗，統一北方草原各部，被尊為成吉思汗。建立橫跨歐亞的蒙古帝國，軍事戰術與騎射指揮堪稱古今之巔峰。
Jebe,Jebe,哲別,神箭手·四狗之一,203,FACTION_Mongol,92,92,100,85,95,Hunter,Warrior,95.0,Deadeye,None,100,/Game/UI/Portraits/Portrait_LinChong.jpg,蒙古四狗之一，草原傳奇神箭手，箭無虛發。長途奔襲、大迂迴戰術大師，曾率輕騎橫掃中亞、高加索與東歐。
Subutai,Subutai,速不臺,勇將·四狗之一,204,FACTION_Mongol,95,94,92,96,98,Warrior,Hunter,95.0,None,None,100,/Game/UI/Portraits/Portrait_LinChong.jpg,蒙古四狗之一，一生征戰三十餘國、指揮六十五場會戰未嘗一敗，長距離大兵團協同作戰之天才統帥。
Muqali,Muqali,木華黎,國王·四傑之一,205,FACTION_Mongol,90,92,90,94,95,Scholar,Warrior,98.0,None,None,100,/Game/UI/Portraits/Portrait_LinChong.jpg,蒙古開國四傑之一，封太師國王，代成吉思汗全權經略中原征金，沉毅多智，深得漢地士民擁戴。
Boorchu,Boorchu,博爾術,阿兒剌拔都·四傑之一,206,FACTION_Mongol,92,90,88,88,95,Hunter,Warrior,100.0,None,None,100,/Game/UI/Portraits/Portrait_LinChong.jpg,蒙古開國四傑之首，少年時即追隨鐵木真奪回被盜八匹愛馬，終生赤膽忠心，掌管右翼大軍。
Jamukha,Jamukha,札木合,古兒汗,207,FACTION_Mongol,92,94,92,92,90,Warrior,Scholar,80.0,None,None,100,/Game/UI/Portraits/Portrait_LinChong.jpg,札達蘭部首領，鐵木真結拜安答，亦為其爭霸草原最強勁敵。十三翼之戰大敗鐵木真，兵法謀略超群，一代草原霸主。
YueFei,YueFei,岳飛,岳武穆,208,FACTION_SongLoyal,98,99,95,95,100,Warrior,Scholar,100.0,IronWall,None,100,/Game/UI/Portraits/Portrait_LinChong.jpg,精忠報國，抗金名將，岳家軍統帥，連破金兀朮鐵浮屠拐子馬，撼山易撼岳家軍難。
HanShizhong,HanShizhong,韓世忠,蘄王,209,FACTION_SongLoyal,94,96,90,88,95,Warrior,Boatman,95.0,None,None,100,/Game/UI/Portraits/Portrait_LinChong.jpg,中興四將之一，使長槍大槊，黃天蕩之戰以八千水軍圍困金兀朮十萬大軍。
LiangHongyu,LiangHongyu,梁紅玉,安國夫人,210,FACTION_SongLoyal,85,88,90,85,95,Entertainer,Warrior,95.0,Inspire,None,100,/Game/UI/Portraits/Portrait_LinChong.jpg,韓世忠之妻，黃天蕩戰役親自擂鼓助戰，英姿颯爽，名垂青史。
YangZaixing,YangZaixing,楊再興,楊家槍名將,211,FACTION_SongLoyal,96,99,90,70,100,Warrior,None,95.0,None,None,100,/Game/UI/Portraits/Portrait_LinChong.jpg,楊家將後裔，小商橋血戰一人斬殺數百金兵，中箭如蝟，壯烈殉國。
